2009-08-14,2158970.0
2010-09-03,2689170.0
2013-10-14,3556500.0
2015-04-07,4281225.0
2013-08-15,3499200.0
2012-08-09,3020060.0
2011-11-04,2709260.0
2012-09-26,3030160.0
2011-03-16,2780120.0
2011-08-17,2849210.0
2016-10-31,5054275.0
2015-06-02,4310625.0
2012-10-04,3040210.0
2016-05-06,4299550.0
2010-04-23,2494870.0
2013-05-07,3290100.0
2010-01-06,2301870.0
2015-03-12,4217675.0
2009-08-05,2145370.0
2009-03-12,2096170.0
2012-04-25,2845960.0
2015-08-17,4565500.0
2016-09-12,5012100.0
2008-11-13,2126420.0
2011-07-22,3221360.0
2016-07-13,4790050.0
2012-02-02,2845960.0
2017-05-01,5406300.0
2009-03-16,2093570.0
2016-06-02,4363500.0
2009-04-30,2116970.0
2014-10-27,4042150.0
2013-01-07,3110260.0
2010-04-29,2494870.0
2012-07-03,2964960.0
2013-02-12,3118910.0
2016-02-24,4156425.0
2014-03-21,3914800.0
2014-02-25,3982950.0
2016-05-09,4299550.0
2015-08-14,4556800.0
2013-10-18,3727500.0
2009-10-19,2219970.0
2012-11-20,3096710.0
2012-01-09,2845960.0
2009-10-08,2219970.0
2014-09-08,4339700.0
2014-04-16,3946100.0
2013-03-15,3202600.0
2015-04-06,4286125.0
2015-10-08,4161325.0
2009-09-15,2219970.0
2015-03-26,4241775.0
2012-05-23,2730110.0
2014-09-15,4299850.0
2015-12-01,4268450.0
2015-06-10,4310625.0
2010-11-24,2719970.0
2012-02-24,2845960.0
2011-03-04,2852820.0
2009-07-31,2131620.0
2015-09-11,4066375.0
2011-01-14,2846870.0
2012-02-29,2845960.0
2010-03-24,2494870.0
2012-04-02,2845960.0
2013-12-26,3931150.0
2016-08-22,5012100.0
2014-10-03,4343400.0
2009-01-23,2046770.0
2016-08-08,4989675.0
2009-10-13,2219970.0
2011-09-26,2669760.0
2013-06-03,3367450.0
2009-11-30,2219970.0
2015-05-13,4310625.0
2015-08-25,3958950.0
2011-10-28,2765610.0
2010-07-06,2544870.0
2014-06-03,4174200.0
2011-05-10,2939270.0
2008-12-12,2057750.0
2009-09-21,2219970.0
2014-01-07,3918250.0
2013-05-23,3350150.0
2011-11-30,2733360.0
2008-12-23,2116420.0
2010-09-21,2713170.0
2012-01-04,2837560.0
2009-08-13,2167220.0
2010-06-14,2455170.0
2015-01-29,4100850.0
2017-05-11,5463050.0
2009-06-17,2116970.0
2009-12-18,2219970.0
2016-09-30,5057925.0
2010-04-09,2494870.0
2010-05-10,2544570.0
2015-09-23,4094025.0
2013-02-06,3115960.0
2012-07-13,2962160.0
2011-09-19,2756360.0
2010-03-25,2494870.0
2010-07-09,2596270.0
2014-03-06,3987750.0
2011-07-25,3213110.0
2017-01-10,5338025.0
2008-11-26,2039460.0
2015-07-08,4205450.0
2014-04-28,4015950.0
2010-07-22,2658120.0
2011-11-07,2719010.0
2013-04-16,3324800.0
2016-04-07,4299550.0
2014-08-21,4331950.0
2017-04-04,5431275.0
2009-11-03,2219970.0
2014-03-20,3948900.0
2010-06-10,2455820.0
2013-08-20,3499200.0
2013-01-08,3105960.0
2016-12-06,5338025.0
2009-09-01,2124470.0
2016-03-04,4236550.0
2015-03-17,4220275.0
2009-07-28,2133120.0
2010-05-26,2462020.0
2009-01-06,2125840.0
2017-04-12,5234575.0
2010-09-14,2713170.0
2013-09-20,3628900.0
2011-02-11,2843570.0
2016-06-30,4693850.0
2013-03-28,3218600.0
2012-03-14,2845960.0
2011-01-13,2820470.0
2008-11-20,1970870.0
2016-01-13,4123975.0
2013-11-07,3804850.0
2017-04-19,5277000.0
2010-03-03,2460020.0
2010-02-11,2359220.0
2014-08-22,4323700.0
2017-01-20,5338025.0
2010-02-08,2296820.0
2009-08-07,2170220.0
2011-10-06,2670210.0
2012-10-22,3012960.0
2013-09-24,3629850.0
2016-06-27,4430825.0
2014-12-31,4092500.0
2014-10-01,4279350.0
2009-07-10,2110820.0
2013-05-24,3371850.0
2009-11-27,2219970.0
2013-05-10,3313900.0
2015-06-26,4310625.0
2017-05-09,5465950.0
2012-02-03,2845960.0
2009-08-21,2166070.0
2014-12-05,4220800.0
2010-11-08,2713170.0
2014-07-17,4214100.0
2013-04-25,3291200.0
2017-03-30,5463750.0
2008-12-03,2021780.0
2017-05-25,5567975.0
2012-03-28,2845960.0
2012-06-05,2757060.0
2010-04-21,2494870.0
2012-07-20,2973360.0
2012-01-20,2845960.0
2012-02-15,2845960.0
2012-12-27,2979010.0
2015-09-03,4062750.0
2012-11-30,3103660.0
2012-08-23,3020060.0
2017-03-20,5441300.0
2009-06-04,2116970.0
2010-12-03,2736370.0
2014-03-24,3917000.0
2013-04-17,3219150.0
2010-06-08,2402920.0
2011-02-10,2837270.0
2014-02-06,3893450.0
2015-02-03,4092650.0
2010-01-22,2322870.0
2014-12-16,4024750.0
2015-01-22,4124150.0
2016-10-05,5074800.0
2012-08-07,3020060.0
2011-08-31,2808810.0
2013-01-28,3102860.0
2012-09-18,3052060.0
2009-06-24,2116970.0
2011-06-22,3049210.0
2015-07-13,4400025.0
2010-12-28,2764670.0
2011-12-09,2776460.0
2011-10-20,2721310.0
2016-10-28,5082850.0
2010-12-08,2751970.0
2013-04-08,3264850.0
2009-02-03,2115620.0
2015-06-11,4310625.0
2014-04-25,4002650.0
2016-11-30,5287775.0
2015-04-17,4310625.0
2012-05-09,2837660.0
2012-06-12,2844710.0
2012-03-23,2845960.0
2013-08-16,3499200.0
2016-03-16,4284675.0
2016-03-17,4299550.0
2013-02-14,3101100.0
2015-04-23,4310625.0
2013-04-30,3276750.0
2016-07-07,4760450.0
2012-10-18,3032910.0
2009-04-07,2089670.0
2010-11-01,2713170.0
2009-01-27,2069870.0
2009-03-02,2089670.0
2016-12-01,5266775.0
2015-03-19,4250275.0
2016-01-26,4086600.0
2014-06-23,4249100.0
2009-09-09,2183970.0
2014-09-12,4303650.0
2011-04-27,2928770.0
2014-02-04,3808100.0
2016-10-27,5098075.0
2011-09-15,2758160.0
2011-08-30,2826610.0
2014-02-12,3960300.0
2014-01-16,3984550.0
2016-04-08,4299550.0
2010-01-05,2265270.0
2015-11-06,4176425.0
2014-07-30,4204450.0
2013-08-27,3467150.0
2010-02-16,2408120.0
2009-04-08,2103970.0
2010-01-14,2321670.0
2011-04-19,2928770.0
2010-10-11,2713170.0
2015-10-26,4174225.0
2015-12-17,4358175.0
2017-05-04,5402750.0
2013-09-10,3538950.0
2011-10-25,2718360.0
2009-11-19,2219970.0
2013-06-07,3391150.0
2013-02-08,3117560.0
2011-02-07,2862370.0
2017-02-02,5338025.0
2014-09-17,4329050.0
2010-11-30,2707320.0
2009-01-15,2097220.0
2009-08-26,2159120.0
2010-11-22,2725070.0
2009-07-29,2102120.0
2011-10-26,2734610.0
2015-09-18,4094025.0
2014-07-21,4224600.0
2014-10-16,3941650.0
2009-02-06,2104370.0
2009-10-27,2219970.0
2009-03-31,2079270.0
2016-11-23,5290775.0
2016-10-17,5041050.0
2012-08-20,3020060.0
2012-06-13,2819510.0
2009-04-21,2116970.0
2015-06-23,4310625.0
2015-06-29,4310625.0
2015-11-20,4254325.0
2010-06-28,2476120.0
2015-12-24,4381725.0
2010-06-15,2491320.0
2010-01-26,2308820.0
2015-05-12,4310625.0
2013-11-13,3822900.0
2012-06-18,2920060.0
2009-09-24,2219970.0
2009-01-14,2101720.0
2009-04-03,2092270.0
2014-05-16,4121300.0
2015-12-08,4268450.0
2011-01-12,2818070.0
2012-08-17,3020060.0
2010-08-06,2647220.0
2014-12-09,4202050.0
2010-03-05,2484620.0
2009-07-07,2116970.0
2014-01-30,3930400.0
2011-05-09,2934020.0
2014-11-17,4181900.0
2016-03-11,4264800.0
2011-01-05,2781670.0
2012-04-10,2845960.0
2013-05-15,3335850.0
2015-08-07,4542000.0
2010-01-12,2321670.0
2011-03-23,2837570.0
2012-01-26,2845960.0
2015-02-09,4057950.0
2014-12-12,4066700.0
2010-07-07,2552670.0
2011-01-18,2854070.0
2017-02-22,5338000.0
2009-09-23,2219970.0
2009-01-20,2035550.0
2015-06-22,4310625.0
2009-05-11,2116970.0
2008-10-31,2244400.0
2012-05-30,2690810.0
2012-05-03,2845960.0
2010-06-23,2512070.0
2017-03-08,5436700.0
2011-07-11,3176610.0
2014-03-03,3921850.0
2014-09-22,4307150.0
2015-12-18,4323675.0
2011-12-13,2774110.0
2009-04-01,2081870.0
2013-12-19,3898500.0
2014-05-08,4056500.0
2016-05-23,4350200.0
2013-07-25,3499200.0
2011-09-27,2676210.0
2016-08-10,4998300.0
2009-11-25,2219970.0
2009-10-06,2219970.0
2011-06-20,3051810.0
2015-09-22,4089225.0
2011-02-14,2861670.0
2014-01-06,3918200.0
2015-04-08,4291025.0
2014-03-11,3955400.0
2017-01-25,5338025.0
2010-08-16,2636820.0
2014-04-30,4024800.0
2014-08-07,4134350.0
2012-04-30,2845960.0
2009-11-04,2219970.0
2017-03-31,5421225.0
2014-09-05,4355900.0
2017-01-23,5338025.0
2010-06-16,2526020.0
2014-06-06,4205350.0
2008-11-03,2236880.0
2010-11-18,2713170.0
2011-01-04,2776670.0
2013-11-12,3810200.0
2011-09-20,2761660.0
2011-03-03,2860620.0
2013-03-11,3197200.0
2011-06-07,2974120.0
2011-03-30,2855920.0
2010-06-18,2527020.0
2016-05-16,4299550.0
2014-05-02,4037300.0
2015-10-23,4174225.0
2012-05-15,2828210.0
2011-05-19,2937170.0
2010-10-21,2713170.0
2017-01-27,5338025.0
2016-05-26,4352725.0
2017-01-18,5338025.0
2016-10-12,5041050.0
2013-12-12,3849650.0
2010-11-11,2713170.0
2012-03-19,2845960.0
2013-04-18,3195900.0
2013-03-21,3198700.0
2013-03-07,3120300.0
2014-07-25,4219100.0
2016-07-01,4723250.0
2012-12-28,2851360.0
2017-02-03,5338025.0
2011-05-04,2928770.0
2010-12-21,2763670.0
2016-04-04,4299550.0
2012-06-04,2731310.0
2016-02-01,4107000.0
2009-04-06,2090970.0
2016-11-29,5298575.0
2013-06-05,3332650.0
2011-10-05,2668860.0
2013-01-14,3099560.0
2011-02-01,2844370.0
2013-09-30,3616250.0
2010-02-10,2340320.0
2013-10-28,3751250.0
2015-03-04,4197000.0
2013-04-11,3278050.0
2016-01-06,4299000.0
2013-07-19,3496650.0
2013-12-31,3931150.0
2009-06-15,2116970.0
2015-12-07,4268450.0
2016-09-29,5052300.0
2009-04-14,2116970.0
2014-02-14,3974200.0
2012-10-01,3031460.0
2010-11-04,2713170.0
2013-01-03,3050510.0
2010-02-17,2417270.0
2015-06-17,4310625.0
2009-03-25,2085770.0
2015-02-19,4213175.0
2013-09-12,3592750.0
2010-04-01,2494870.0
2015-12-03,4268450.0
2014-09-11,4311450.0
2011-10-14,2752810.0
2009-03-18,2090970.0
2017-04-26,5385500.0
2011-12-16,2795710.0
2011-04-28,2928770.0
2011-05-06,2928770.0
2010-02-23,2441620.0
2011-03-14,2846320.0
2013-06-14,3345500.0
2014-10-09,4241950.0
2017-04-17,5272150.0
2015-11-13,4176425.0
2009-06-01,2116970.0
2016-03-28,4299550.0
2010-05-06,2494870.0
2010-11-26,2716570.0
2009-12-23,2219970.0
2016-06-03,4352700.0
2009-09-29,2219970.0
2014-01-23,3997650.0
2011-05-05,2928770.0
2016-10-25,5108325.0
2014-01-02,3911500.0
2012-01-24,2845960.0
2016-04-11,4299550.0
2015-11-30,4268450.0
2009-02-27,2096170.0
2009-04-29,2116970.0
2016-09-06,5012100.0
2016-05-13,4299550.0
2012-09-20,3052060.0
2012-05-25,2713810.0
2012-05-08,2870760.0
2009-01-22,2055660.0
2012-11-28,3115810.0
2009-05-26,2116970.0
2016-09-27,5070300.0
2012-03-02,2845960.0
2014-05-07,4056500.0
2012-04-03,2845960.0
2009-07-06,2116970.0
2009-04-17,2116970.0
2016-03-03,4249550.0
2011-02-04,2854870.0
2010-05-24,2408720.0
2008-11-19,1990300.0
2011-12-12,2772260.0
2014-08-08,4179350.0
2012-06-29,2936960.0
2014-02-21,3963750.0
2012-09-28,3045760.0
2015-05-01,4310625.0
2013-10-04,3585000.0
2009-09-18,2219970.0
2016-04-15,4299550.0
2010-11-09,2713170.0
2011-01-10,2782070.0
2012-07-31,2972810.0
2016-10-07,5070300.0
2009-06-23,2116970.0
2013-06-18,3404750.0
2009-08-03,2142420.0
2011-08-23,2750260.0
2012-06-15,2846360.0
2010-03-19,2494870.0
2013-08-14,3499200.0
2015-09-30,4084425.0
2013-07-22,3499200.0
2009-10-05,2219970.0
2017-05-12,5463050.0
2011-09-12,2723510.0
2016-04-05,4299550.0
2015-05-05,4310625.0
2016-06-22,4416450.0
2013-02-26,2974850.0
2010-12-29,2762670.0
2016-12-07,5338025.0
2013-06-25,3304900.0
2016-05-03,4299550.0
2013-05-21,3371900.0
2013-09-09,3530550.0
2017-01-09,5338025.0
2011-12-22,2829160.0
2012-11-09,2977210.0
2016-06-08,4358200.0
2015-04-30,4310625.0
2009-11-23,2219970.0
2010-03-16,2494870.0
2009-05-18,2116970.0
2012-07-02,2964960.0
2013-01-24,3131960.0
2015-06-19,4310625.0
2010-10-28,2713170.0
2016-12-21,5338025.0
2012-05-02,2845960.0
2011-06-30,3231610.0
2009-10-07,2219970.0
2009-07-27,2144170.0
2012-08-15,3020060.0
2011-01-21,2849470.0
2010-02-19,2451870.0
2013-06-20,3304400.0
2009-02-19,2081870.0
2009-05-20,2116970.0
2016-08-18,5012100.0
2013-12-03,3849650.0
2014-12-18,4121750.0
2016-04-13,4299550.0
2017-02-23,5401650.0
2016-09-13,5012100.0
2013-06-11,3357350.0
2017-02-06,5338025.0
2008-12-31,2128840.0
2016-09-16,5036550.0
2014-11-28,4194400.0
2014-03-10,3958450.0
2011-09-29,2663460.0
2013-02-19,3153900.0
2010-11-03,2713170.0
2015-10-16,4172575.0
2010-08-13,2632020.0
2010-10-15,2713170.0
2012-08-24,3020060.0
2017-02-24,5433350.0
2016-01-04,4331625.0
2013-09-11,3581550.0
2011-07-14,3127060.0
2012-05-07,2856960.0
2016-07-06,4749050.0
2013-03-27,3207800.0
2014-06-05,4187850.0
2016-03-09,4243050.0
2009-09-03,2139770.0
2012-07-19,2973360.0
2011-12-23,2831260.0
2009-02-23,2076670.0
2011-06-01,2963970.0
2014-05-01,4027300.0
2010-03-22,2494870.0
2011-04-07,2893370.0
2010-12-22,2763670.0
2009-09-02,2124470.0
2014-05-14,4117550.0
2015-05-07,4310625.0
2016-09-07,5012100.0
2015-06-12,4310625.0
2009-10-30,2219970.0
2011-10-03,2567760.0
2016-09-22,5086050.0
2012-10-08,3036310.0
2010-02-18,2449820.0
2014-11-13,4181900.0
2015-09-15,4139100.0
2012-10-12,3006310.0
2009-07-14,2143120.0
2009-05-08,2116970.0
2009-08-10,2170220.0
2010-08-31,2662770.0
2015-12-09,4268450.0
2009-12-15,2219970.0
2013-12-10,3849650.0
2009-04-16,2116970.0
2013-12-30,3917950.0
2017-05-19,5527025.0
2016-08-23,5012100.0
2015-10-20,4174225.0
2011-02-24,2808820.0
2012-07-30,2969660.0
2010-04-15,2494870.0
2014-07-31,4149250.0
2011-11-23,2663460.0
2014-01-03,3918200.0
2009-11-05,2219970.0
2015-12-14,4324425.0
2011-12-01,2750460.0
2011-11-10,2684510.0
2013-06-19,3410850.0
2009-01-09,2116420.0
2013-09-23,3628900.0
2012-01-13,2845960.0
2016-11-17,5256275.0
2015-10-15,4173125.0
2011-09-02,2773310.0
2014-09-24,4336050.0
2016-03-22,4299550.0
2011-11-16,2656010.0
2013-07-31,3499200.0
2012-09-17,3032060.0
2009-10-28,2219970.0
2012-01-30,2845960.0
2010-07-23,2664570.0
2014-07-02,4257850.0
2011-08-16,2869510.0
2013-03-12,3174600.0
2012-10-19,3011610.0
2017-05-17,5463050.0
2014-11-07,4156000.0
2013-10-10,3588800.0
2014-07-11,4240350.0
2016-11-25,5293175.0
2010-01-20,2321670.0
2012-04-17,2845960.0
2016-01-15,4058000.0
2009-05-14,2116970.0
2013-09-04,3476500.0
2009-02-13,2090620.0
2012-04-12,2845960.0
2016-12-14,5338025.0
2016-01-21,4014700.0
2010-05-17,2562070.0
2015-06-05,4310625.0
2013-07-01,3427850.0
2012-04-20,2845960.0
2013-09-17,3599950.0
2015-07-28,4536050.0
2015-10-14,4169275.0
2014-03-17,3934350.0
2012-02-16,2845960.0
2016-04-27,4299550.0
2017-03-07,5443400.0
2014-03-28,3959600.0
2013-12-02,3849650.0
2012-10-09,3005260.0
2009-03-10,2118270.0
2011-12-05,2756460.0
2012-03-22,2845960.0
2009-12-17,2219970.0
2012-12-20,3039460.0
2014-04-22,4049000.0
2017-03-02,5422550.0
2015-01-20,4004800.0
2011-06-29,3211860.0
2014-09-29,4293300.0
2010-03-10,2494870.0
2012-11-21,3079810.0
2010-08-04,2653670.0
2017-02-21,5338000.0
2010-03-01,2457970.0
2014-12-24,4192100.0
2010-08-26,2649670.0
2015-05-14,4310625.0
2011-10-27,2766210.0
2010-07-21,2638870.0
2015-03-13,4188375.0
2012-01-11,2845960.0
2012-04-04,2845960.0
2014-12-22,4150100.0
2014-01-27,3967650.0
2014-05-23,4130900.0
2008-11-04,2289200.0
2014-05-28,4152450.0
2010-05-25,2443220.0
2012-01-03,2827060.0
2016-06-15,4433650.0
2014-04-23,4082750.0
2010-01-15,2321670.0
2009-03-05,2094870.0
2015-08-27,4019300.0
2012-01-10,2845960.0
2012-07-18,2973360.0
2015-06-08,4310625.0
2010-02-01,2373270.0
2014-05-20,4121300.0
2009-04-13,2113070.0
2015-01-27,4142000.0
2010-07-01,2485070.0
2011-01-24,2853970.0
2016-12-09,5338025.0
2016-12-19,5338025.0
2016-01-08,4103925.0
2010-04-14,2494870.0
2015-11-19,4218200.0
2010-06-22,2498020.0
2013-01-15,3106560.0
2011-04-12,2911770.0
2012-09-10,3020060.0
2011-04-04,2871520.0
2017-01-12,5338025.0
2012-06-22,2931460.0
2010-01-11,2321670.0
2008-12-10,2051580.0
2013-02-07,3111810.0
2012-12-03,3098360.0
2014-10-15,3890750.0
2016-03-15,4275800.0
2014-08-15,4323950.0
2014-05-19,4131650.0
2011-05-24,2937020.0
2013-01-29,3127810.0
2012-11-26,3103660.0
2013-09-18,3627950.0
2009-06-25,2116970.0
2011-04-13,2921920.0
2008-12-18,2077160.0
2016-06-07,4358200.0
2013-02-27,3048000.0
2009-12-16,2219970.0
2012-12-12,3063660.0
2009-05-29,2116970.0
2015-12-11,4268450.0
2010-03-02,2464120.0
2016-04-14,4299550.0
2012-10-23,2934760.0
2017-04-10,5326975.0
2012-11-15,2998360.0
2016-04-25,4299550.0
2009-01-26,2058700.0
2015-06-04,4310625.0
2015-04-16,4310625.0
2013-11-20,3833600.0
2014-07-15,4240350.0
2015-11-18,4217975.0
2009-09-17,2219970.0
2010-10-12,2713170.0
2011-08-03,3096910.0
2011-07-29,3144460.0
2011-11-25,2661560.0
2011-01-03,2781070.0
2016-05-10,4299550.0
2012-01-27,2845960.0
2012-12-11,3092960.0
2015-01-16,3999150.0
2012-03-27,2845960.0
2016-07-18,4790050.0
2017-01-06,5338025.0
2017-03-22,5415950.0
2012-09-27,3047060.0
2016-03-31,4299550.0
2012-01-25,2845960.0
2010-01-21,2321670.0
2013-12-18,3898100.0
2011-03-25,2867870.0
2009-08-20,2168520.0
2008-12-19,2105120.0
2014-08-05,4117150.0
2010-12-02,2730520.0
2011-07-28,3149560.0
2016-11-22,5280125.0
2010-09-24,2713170.0
2009-10-16,2219970.0
2015-10-29,4176425.0
2017-01-05,5338025.0
2011-06-27,3160110.0
2009-11-18,2219970.0
2014-09-16,4318100.0
2010-12-30,2773670.0
2014-12-15,4118550.0
2016-09-14,5007600.0
2010-06-21,2521520.0
2015-10-02,4129375.0
2016-05-02,4299550.0
2011-10-04,2617760.0
2010-08-05,2647220.0
2015-10-09,4170925.0
2015-05-08,4310625.0
2008-12-24,2118840.0
2013-04-19,3284650.0
2015-03-09,4178775.0
2012-07-26,2969660.0
2011-07-07,3204710.0
2011-01-25,2853970.0
2011-06-08,2965820.0
2010-02-25,2439620.0
2013-07-30,3499200.0
2012-07-06,2948160.0
2010-03-31,2494870.0
2015-04-13,4310625.0
2009-12-02,2219970.0
2013-12-06,3849650.0
2014-04-07,3960350.0
2008-11-06,2146090.0
2015-02-24,4250825.0
2011-09-21,2691410.0
2015-05-26,4310625.0
2014-03-04,3993050.0
2013-08-08,3499200.0
2009-06-30,2116970.0
2011-09-01,2802410.0
2015-01-26,4167350.0
2010-11-16,2713170.0
2016-04-18,4299550.0
2012-03-21,2845960.0
2015-02-20,4248725.0
2009-12-03,2219970.0
2016-07-15,4790050.0
2014-10-08,4343950.0
2014-05-15,4121300.0
2016-03-29,4299550.0
2015-01-12,4041100.0
2009-10-23,2219970.0
2014-12-23,4196900.0
2009-06-22,2116970.0
2015-05-20,4310625.0
2009-02-10,2099370.0
2013-02-11,3111210.0
2012-11-23,3086810.0
2010-10-01,2713170.0
2016-10-10,5083800.0
2017-01-24,5338025.0
2016-01-19,4076300.0
2010-09-07,2683170.0
2013-08-21,3499200.0
2012-03-09,2845960.0
2012-11-12,3011110.0
2011-07-20,3183010.0
2012-09-25,3034060.0
2010-04-08,2494870.0
2014-05-06,4029000.0
2016-10-06,5077050.0
2013-08-09,3499200.0
2017-03-23,5430950.0
2012-08-01,2991710.0
2016-09-09,5012100.0
2009-03-23,2088370.0
2013-07-23,3499200.0
2013-06-26,3364050.0
2014-03-19,3903450.0
2009-09-14,2219970.0
2012-02-22,2845960.0
2011-03-10,2834070.0
2010-08-09,2647220.0
2013-07-02,3451400.0
2012-10-15,3035810.0
2011-07-01,3225210.0
2009-12-08,2219970.0
2013-01-17,3102060.0
2016-07-28,4934350.0
2013-04-01,3224450.0
2016-01-11,4202625.0
2013-04-26,3281650.0
2009-12-22,2219970.0
2014-02-26,3969100.0
2016-08-02,4953450.0
2012-08-16,3020060.0
2011-06-24,3150110.0
2013-08-26,3494850.0
2012-07-24,2942060.0
2012-11-19,3079810.0
2012-04-19,2845960.0
2011-08-10,2856760.0
2012-08-28,3020060.0
2013-01-02,3070810.0
2013-08-06,3499200.0
2013-12-13,3849650.0
2014-07-09,4257850.0
2015-11-23,4259975.0
2014-02-10,3908350.0
2014-04-02,4008450.0
2016-01-12,4207525.0
2011-07-26,3191210.0
2016-04-12,4299550.0
2009-10-14,2219970.0
2013-10-31,3775100.0
2015-07-21,4512225.0
2011-12-07,2756710.0
2013-11-22,3838950.0
2011-07-21,3210210.0
2015-10-13,4168725.0
2010-07-27,2655870.0
2015-07-22,4512225.0
2010-05-03,2494870.0
2016-08-15,5012100.0
2012-11-06,2996410.0
2010-06-09,2380620.0
2014-12-04,4215250.0
2010-07-16,2606920.0
2015-05-28,4310625.0
2017-04-28,5386225.0
2013-02-22,3114400.0
2017-05-15,5463050.0
2014-09-19,4336350.0
2011-02-22,2828020.0
2011-11-21,2671960.0
2011-08-25,2803710.0
2010-04-22,2494870.0
2013-08-30,3466000.0
2014-08-29,4327700.0
2013-05-22,3363200.0
2011-07-15,3127060.0
2013-03-08,3137000.0
2016-12-29,5338025.0
2016-06-29,4678475.0
2010-11-12,2713170.0
2012-05-21,2774560.0
2010-02-22,2455970.0
2014-09-30,4293300.0
2012-08-06,3020060.0
2015-12-21,4374525.0
2010-07-26,2651670.0
2011-01-20,2854070.0
2009-01-30,2102870.0
2015-10-28,4174225.0
2010-09-13,2713170.0
2010-10-07,2713170.0
2010-05-19,2506220.0
2016-09-08,5012100.0
2016-10-24,5115225.0
2015-03-02,4235275.0
2013-01-04,3075560.0
2011-05-18,2937170.0
2014-08-25,4335950.0
2013-05-28,3364900.0
2015-01-28,4069450.0
2016-04-01,4299550.0
2009-01-12,2110240.0
2009-02-09,2106870.0
2009-06-02,2116970.0
2010-12-10,2763670.0
2010-07-13,2601120.0
2012-05-31,2693160.0
2013-04-22,3289900.0
2011-09-16,2778260.0
2011-02-08,2855770.0
2011-09-08,2780610.0
2015-08-21,4222800.0
2014-03-25,3951100.0
2014-11-18,4181900.0
2015-07-09,4179575.0
2011-12-02,2748810.0
2015-03-05,4206550.0
2009-10-09,2219970.0
2010-06-03,2508470.0
2011-10-24,2741260.0
2014-08-27,4339950.0
2016-11-16,5165075.0
2012-03-07,2845960.0
2014-12-03,4215250.0
2013-01-25,3119260.0
2010-10-29,2713170.0
2012-05-29,2778010.0
2014-12-11,4087700.0
2013-12-05,3849650.0
2011-01-19,2854070.0
2014-08-12,4245750.0
2008-12-15,2049860.0
2016-02-18,4117650.0
2014-10-22,4000100.0
2013-03-26,3212100.0
2014-05-09,4060250.0
2013-11-26,3849650.0
2011-03-07,2837370.0
2012-10-05,3037610.0
2015-11-24,4248675.0
2015-06-15,4310625.0
2011-02-03,2848270.0
2014-01-17,3984550.0
2017-03-24,5440850.0
2015-05-15,4310625.0
2014-04-08,3961750.0
2012-08-29,3020060.0
2009-02-24,2102670.0
2016-02-22,4172275.0
2012-04-24,2845960.0
2008-10-30,2317990.0
2013-05-20,3360850.0
2009-01-29,2098370.0
2011-03-11,2846320.0
2012-03-13,2845960.0
2015-04-24,4310625.0
2014-11-26,4206900.0
2016-12-22,5338025.0
2015-03-30,4276325.0
2015-01-06,4043950.0
2015-02-11,4098075.0
2014-12-01,4181900.0
2009-12-11,2219970.0
2016-05-19,4352900.0
2015-07-17,4507050.0
2016-05-11,4299550.0
2009-10-15,2219970.0
2015-04-02,4281225.0
2015-12-31,4355925.0
2012-04-11,2845960.0
2014-04-04,3967950.0
2013-03-25,3198850.0
2017-04-05,5400975.0
2015-07-10,4307375.0
2015-09-29,4060725.0
2014-10-06,4325200.0
2016-11-08,5111725.0
2011-02-25,2853820.0
2014-11-19,4181900.0
2016-07-11,4785550.0
2017-03-29,5448400.0
2011-07-27,3153560.0
2015-06-16,4310625.0
2009-11-20,2219970.0
2011-12-15,2788060.0
2017-04-03,5420475.0
2015-02-04,4056950.0
2010-08-03,2657970.0
2016-10-11,5054550.0
2017-03-14,5430750.0
2016-10-19,5041050.0
2010-12-23,2763670.0
2015-10-22,4174775.0
2013-03-04,3087900.0
2013-04-09,3257050.0
2016-02-02,4066450.0
2016-11-10,5135825.0
2016-04-06,4299550.0
2012-01-19,2845960.0
2009-06-26,2116970.0
2010-09-10,2697570.0
2017-04-25,5373250.0
2017-03-28,5471350.0
2014-04-01,4021300.0
2013-09-26,3629850.0
2011-06-21,3055710.0
2010-03-29,2494870.0
2008-12-16,2075500.0
2009-05-22,2116970.0
2012-05-22,2761960.0
2016-06-09,4352700.0
2013-12-23,3930750.0
2010-04-16,2494870.0
2010-03-12,2494870.0
2008-11-14,2084050.0
2015-07-29,4555500.0
2017-05-22,5548375.0
2009-08-04,2146220.0
2015-01-21,4051400.0
2016-11-03,4996975.0
2012-10-02,3035210.0
2009-02-18,2081870.0
2014-09-10,4311450.0
2017-01-17,5338025.0
2012-06-25,2934310.0
2010-10-13,2713170.0
2016-01-27,4064100.0
2013-10-22,3715350.0
2011-10-10,2703360.0
2017-04-24,5386150.0
2017-05-18,5465875.0
2015-08-11,4537500.0
2014-05-13,4114250.0
2017-03-01,5405050.0
2017-01-13,5338025.0
2010-10-26,2713170.0
2015-11-16,4229350.0
2010-01-08,2321670.0
2016-06-14,4321350.0
2011-03-15,2814820.0
2009-09-25,2219970.0
2011-06-28,3184760.0
2013-11-11,3799500.0
2008-11-10,2174280.0
2011-08-08,2715910.0
2012-03-20,2845960.0
2015-04-09,4305725.0
2015-06-30,4309875.0
2016-07-20,4835050.0
2016-01-29,4109900.0
2013-02-20,3088350.0
2015-05-18,4310625.0
2015-08-31,4044375.0
2015-02-17,4154575.0
2015-08-13,4568700.0
2012-03-08,2845960.0
2009-02-04,2114370.0
2009-04-20,2116970.0
2010-09-17,2713170.0
2016-03-08,4225675.0
2015-05-04,4310625.0
2016-03-24,4299550.0
2015-04-27,4310625.0
2012-09-06,3020060.0
2011-11-14,2697660.0
2015-07-06,4290325.0
2013-05-29,3374050.0
2017-03-21,5426900.0
2012-08-02,3004310.0
2013-11-21,3838950.0
2015-02-12,4164175.0
2014-09-26,4323400.0
2012-06-14,2855210.0
2016-10-20,5111775.0
2014-02-28,3987000.0
2010-08-19,2641620.0
2015-03-20,4250375.0
2013-05-17,3350150.0
2010-01-13,2321670.0
2016-05-25,4352725.0
2013-01-23,3135760.0
2016-02-23,4137975.0
2010-01-04,2246620.0
2010-08-30,2651970.0
2012-01-17,2845960.0
2016-10-26,5104875.0
2015-09-25,4084475.0
2011-10-07,2676810.0
2010-02-26,2443620.0
2010-07-28,2649570.0
2013-10-09,3506500.0
2013-07-10,3481350.0
2013-04-10,3271850.0
2014-08-06,4144200.0
2012-08-31,3020060.0
2016-03-21,4299550.0
2016-02-09,4014750.0
2015-08-20,4402800.0
2014-10-21,4059250.0
2014-01-10,3931350.0
2013-08-19,3499200.0
2009-03-04,2094870.0
2013-08-01,3499200.0
2010-12-16,2763670.0
2013-07-12,3483900.0
2015-02-23,4236475.0
2012-07-16,2973360.0
2012-10-10,3018960.0
2014-06-26,4249100.0
2010-10-18,2713170.0
2010-05-05,2494870.0
2008-11-21,1996800.0
2010-03-23,2494870.0
2012-08-14,3020060.0
2013-09-13,3595950.0
2015-09-01,4004125.0
2009-07-21,2145020.0
2012-11-29,3108560.0
2009-05-27,2116970.0
2010-09-02,2678370.0
2017-03-15,5441300.0
2009-06-11,2116970.0
2014-05-22,4138250.0
2015-04-14,4310625.0
2014-11-20,4188150.0
2012-08-22,3020060.0
2015-03-18,4238725.0
2011-02-23,2798020.0
2017-05-31,5578075.0
2015-01-13,4013800.0
2011-06-16,3014810.0
2016-03-18,4299550.0
2010-05-11,2557820.0
2015-08-26,4026675.0
2014-04-10,3950750.0
2015-12-29,4389375.0
2009-02-11,2106870.0
2014-08-13,4297550.0
2009-12-07,2219970.0
2009-06-09,2116970.0
2014-03-14,3880300.0
2016-05-31,4355350.0
2009-12-14,2219970.0
2017-05-30,5567275.0
2015-06-25,4310625.0
2015-11-05,4176425.0
2010-04-30,2494870.0
2009-01-07,2117440.0
2011-06-06,2974620.0
2010-01-29,2317770.0
2009-09-28,2219970.0
2015-11-25,4268450.0
2014-06-02,4181250.0
2008-12-04,1996260.0
2009-09-16,2219970.0
2016-09-02,5012100.0
2012-05-18,2667310.0
2015-05-11,4310625.0
2014-12-02,4208300.0
2012-03-05,2845960.0
2017-05-16,5463050.0
2015-12-16,4384300.0
2008-11-17,2061780.0
2017-04-20,5330500.0
2010-10-27,2713170.0
2017-04-21,5314975.0
2010-04-12,2494870.0
2012-06-19,2920060.0
2014-11-06,4150900.0
2016-11-07,5101275.0
2012-06-20,2920060.0
2015-10-07,4147125.0
2013-11-01,3780450.0
2016-11-18,5260325.0
2011-01-07,2786470.0
2012-12-17,3094010.0
2012-09-07,3020060.0
2015-07-31,4559200.0
2015-09-10,4038900.0
2013-07-16,3486450.0
2011-07-05,3231510.0
2016-01-14,4159700.0
2013-09-25,3629850.0
2012-12-07,3079310.0
2014-08-28,4339950.0
2010-04-28,2494870.0
2014-04-09,3992800.0
2009-01-21,2070150.0
2015-09-21,4122525.0
2015-01-23,4115150.0
2008-12-22,2118740.0
2017-02-10,5338025.0
2010-08-11,2644620.0
2017-04-27,5398400.0
2013-06-21,3306950.0
2015-12-10,4268450.0
2010-06-11,2472370.0
2010-12-07,2744170.0
2014-06-17,4231600.0
2011-04-26,2928770.0
2016-08-03,4958625.0
2012-11-27,3093860.0
2012-07-11,2939760.0
2011-06-15,2950710.0
2015-03-25,4231975.0
2016-05-17,4299550.0
2009-05-28,2116970.0
2015-10-30,4174225.0
2009-08-06,2155920.0
2013-07-08,3486450.0
2015-05-21,4310625.0
2013-11-15,3828250.0
2013-04-04,3243850.0
2011-11-18,2686010.0
2014-07-29,4213900.0
2011-08-11,2876710.0
2014-08-19,4311550.0
2014-12-29,4198400.0
2017-02-17,5336300.0
2010-11-23,2718270.0
2008-12-11,2048550.0
2010-09-09,2689170.0
2011-11-09,2642610.0
2010-10-08,2713170.0
2016-05-18,4299550.0
2012-06-01,2657010.0
2016-06-24,4431425.0
2015-11-11,4176425.0
2010-09-20,2713170.0
2016-07-29,4942150.0
2012-12-14,3096360.0
2011-10-19,2719560.0
2014-06-20,4249100.0
2011-09-22,2646110.0
2016-08-19,5012100.0
2013-11-08,3816550.0
2009-07-09,2114820.0
2014-11-14,4181900.0
2011-12-27,2831260.0
2010-05-28,2526870.0
2010-07-02,2508170.0
2012-05-10,2877310.0
2013-04-03,3235550.0
2012-06-28,2925760.0
2014-05-21,4134950.0
2017-06-02,5583300.0
2014-11-03,4105150.0
2010-07-08,2564870.0
2009-07-16,2143120.0
2012-02-09,2845960.0
2012-12-05,3087810.0
2010-03-18,2494870.0
2017-01-30,5338025.0
2015-03-24,4251775.0
2016-11-09,5146625.0
2010-07-29,2645370.0
2015-12-02,4268450.0
2013-11-05,3804850.0
2014-08-14,4327950.0
2012-02-10,2845960.0
2011-09-06,2764910.0
2011-10-13,2748910.0
2013-10-24,3739100.0
2015-08-05,4561450.0
2014-11-25,4200650.0
2014-06-19,4249100.0
2012-06-08,2825810.0
2012-02-28,2845960.0
2008-11-28,2041300.0
2010-10-22,2713170.0
2016-05-04,4299550.0
2014-04-24,4019700.0
2013-05-31,3347200.0
2010-12-01,2714920.0
2013-11-04,3804850.0
2012-12-10,3074310.0
2010-05-21,2374220.0
2015-02-05,4098550.0
2014-10-31,4122650.0
2012-09-04,3020060.0
2015-08-04,4556950.0
2013-05-09,3273700.0
2009-08-18,2156120.0
2011-03-01,2828020.0
2015-05-29,4310625.0
2012-03-30,2845960.0
2015-11-12,4176425.0
2009-04-22,2116970.0
2013-03-05,3097400.0
2011-02-15,2868620.0
2011-06-09,2974120.0
2011-03-24,2855770.0
2012-02-27,2845960.0
2009-10-01,2219970.0
2009-10-21,2219970.0
2013-06-17,3376900.0
2013-03-01,2994500.0
2012-09-11,3020060.0
2009-11-02,2219970.0
2014-10-29,4066450.0
2012-02-06,2845960.0
2009-07-15,2135520.0
2009-11-11,2219970.0
2011-09-23,2646110.0
2017-03-06,5436700.0
2013-07-29,3499200.0
2009-05-12,2116970.0
2015-11-17,4237750.0
2017-02-09,5338025.0
2015-12-23,4399425.0
2010-11-02,2713170.0
2014-07-28,4213900.0
2012-07-23,2954460.0
2016-06-17,4438000.0
2009-05-21,2116970.0
2014-01-31,3840150.0
2009-05-15,2116970.0
2013-11-29,3849650.0
2011-04-18,2928770.0
2010-05-07,2434370.0
2015-12-22,4400650.0
2017-05-26,5576500.0
2012-06-07,2824560.0
2016-11-04,5001925.0
2009-12-29,2219970.0
2012-09-13,3020060.0
2014-02-24,3976350.0
2014-11-11,4181900.0
2009-11-09,2219970.0
2010-10-05,2713170.0
2012-11-16,3029060.0
2014-06-27,4249100.0
2010-03-30,2494870.0
2010-10-19,2713170.0
2009-03-09,2093570.0
2008-11-11,2154290.0
2010-08-20,2640470.0
2009-11-17,2219970.0
2016-03-30,4299550.0
2010-03-04,2470270.0
2012-12-18,3087210.0
2013-02-28,3015400.0
2015-01-02,4121250.0
2013-04-23,3293700.0
2012-07-09,2948160.0
2008-12-01,2015380.0
2016-04-19,4299550.0
2009-08-31,2146470.0
2015-04-01,4281225.0
2013-11-19,3822900.0
2014-02-27,3993600.0
2011-06-17,3017910.0
2010-01-07,2310670.0
2008-11-18,2048270.0
2010-08-17,2656020.0
2015-09-14,4054200.0
2012-04-23,2845960.0
2014-11-21,4181900.0
2010-10-06,2713170.0
2010-01-19,2321670.0
2011-02-02,2846870.0
2016-02-10,3996850.0
2010-02-05,2314570.0
2013-09-05,3511300.0
2011-04-20,2928770.0
2014-08-01,4137850.0
2009-06-10,2116970.0
2014-01-13,3951400.0
2011-12-08,2750910.0
2009-03-26,2092270.0
2013-05-14,3337750.0
2012-04-05,2845960.0
2013-01-30,3075110.0
2009-08-17,2151020.0
2013-02-05,3109960.0
2010-05-27,2544470.0
2016-06-21,4483175.0
2015-03-23,4246875.0
2012-07-10,2931360.0
2013-07-05,3478200.0
2014-10-23,4032600.0
2009-04-28,2116970.0
2013-09-19,3626050.0
2015-04-21,4310625.0
2013-10-08,3472150.0
2017-05-05,5417100.0
2011-06-23,3164610.0
2011-04-01,2868120.0
2015-06-09,4310625.0
2016-09-01,5012100.0
2016-01-25,4054525.0
2013-04-05,3251350.0
2014-07-22,4235500.0
2017-04-13,5231775.0
2009-03-27,2093570.0
2010-04-13,2494870.0
2015-05-19,4310625.0
2010-05-20,2367720.0
2009-01-13,2118580.0
2011-03-08,2859720.0
2011-07-18,3113560.0
2009-05-07,2116970.0
2012-03-06,2845960.0
2010-06-24,2456770.0
2009-11-24,2219970.0
2010-01-28,2331720.0
2008-11-07,2208140.0
2015-10-12,4174225.0
2010-09-30,2713170.0
2014-02-19,3939100.0
2017-03-16,5452100.0
2011-05-26,2952270.0
2015-01-08,4107100.0
2009-12-09,2219970.0
2015-04-10,4310625.0
2016-06-01,4352700.0
2010-09-15,2713170.0
2010-02-03,2427270.0
2017-02-16,5341475.0
2015-01-07,4087825.0
2013-08-23,3503750.0
2015-02-10,4094050.0
2013-09-06,3494850.0
2011-12-14,2776210.0
2011-02-18,2887720.0
2012-10-31,2943310.0
2010-05-14,2554320.0
2010-09-01,2673570.0
2016-07-27,4926550.0
2016-04-20,4299550.0
2015-02-27,4227675.0
2014-01-22,3997650.0
2016-08-04,4970700.0
2009-12-21,2219970.0
2015-08-19,4518900.0
2017-01-11,5338025.0
2012-03-29,2845960.0
2010-07-19,2615220.0
2014-03-31,3988700.0
2012-08-30,3020060.0
2009-01-08,2118520.0
2015-09-28,4044125.0
2017-01-31,5338025.0
2014-04-14,3920500.0
2010-06-02,2530770.0
2010-12-06,2742220.0
2012-09-24,3064060.0
2011-05-31,2960070.0
2011-12-21,2833360.0
2016-07-14,4790050.0
2015-08-18,4565800.0
2016-04-26,4299550.0
2010-08-10,2651520.0
2012-04-27,2845960.0
2010-08-25,2646220.0
2016-09-21,5063550.0
2010-05-04,2494870.0
2010-05-18,2526870.0
2015-09-02,4058375.0
2014-03-12,3973900.0
2015-02-25,4230125.0
2016-03-10,4249550.0
2012-09-19,3058060.0
2016-07-26,4922650.0
2015-10-06,4141225.0
2014-08-26,4339950.0
2010-06-07,2360520.0
2012-12-24,2999060.0
2011-03-17,2780570.0
2015-06-18,4310625.0
2009-03-24,2083170.0
2011-08-12,2868660.0
2014-06-16,4222850.0
2012-04-13,2845960.0
2016-11-01,5041275.0
2016-05-12,4299550.0
2014-06-13,4214100.0
2012-01-06,2845960.0
2011-11-01,2683910.0
2013-11-06,3803850.0
2009-02-20,2081870.0
2012-09-21,3068060.0
2012-12-26,2968660.0
2013-11-18,3833600.0
2016-12-23,5338025.0
2010-05-12,2594570.0
2011-09-13,2716360.0
2016-01-05,4330900.0
2014-06-24,4240350.0
2013-07-09,3486450.0
2014-11-05,4138400.0
2015-01-09,4098775.0
2009-03-17,2100070.0
2009-08-28,2154870.0
2013-05-01,3254700.0
2013-06-10,3382400.0
2011-12-29,2833360.0
2011-03-31,2854520.0
2014-03-27,3946700.0
2014-12-26,4218200.0
2012-07-25,2957060.0
2012-08-03,3020060.0
2015-01-15,3941350.0
2011-10-31,2719060.0
2008-12-17,2058100.0
2016-11-21,5277425.0
2015-08-24,3952300.0
2010-03-08,2494870.0
2014-05-29,4159500.0
2016-02-25,4194625.0
2014-09-04,4348100.0
2015-02-02,4052550.0
2014-11-24,4194400.0
2014-06-11,4214100.0
2015-10-19,4175325.0
2011-03-28,2843770.0
2011-07-19,3166410.0
2013-09-03,3478400.0
2009-07-23,2164020.0
2009-05-01,2116970.0
2013-03-18,3191700.0
2014-09-25,4299600.0
2013-03-20,3219500.0
2016-09-26,5056800.0
2010-11-19,2713170.0
2017-06-01,5578650.0
2016-03-07,4240800.0
2016-06-13,4318050.0
2012-04-16,2845960.0
2010-04-07,2494870.0
2017-02-13,5338025.0
2010-06-29,2477720.0
2015-02-13,4148200.0
2010-03-26,2494870.0
2013-10-21,3715350.0
2013-12-27,3924400.0
2016-08-12,5012100.0
2014-07-10,4240350.0
2010-12-13,2763670.0
2015-03-03,4205625.0
2011-06-14,2967470.0
2014-06-30,4257850.0
2009-04-09,2110470.0
2014-02-05,3814300.0
2012-11-08,2960110.0
2016-06-20,4493200.0
2015-08-10,4571600.0
2012-02-17,2845960.0
2012-04-18,2845960.0
2014-10-02,4297550.0
2013-12-11,3849650.0
2017-02-01,5338025.0
2010-12-15,2763670.0
2012-12-21,3030260.0
2012-03-12,2845960.0
2014-09-18,4336350.0
2013-10-16,3692000.0
2016-11-02,5020900.0
2014-10-28,4095050.0
2013-02-25,2943650.0
2016-10-18,5041050.0
2016-10-04,5059050.0
2014-07-24,4224400.0
2009-12-04,2219970.0
2017-05-02,5397750.0
2015-01-14,3997150.0
2015-08-03,4556950.0
2013-07-26,3499200.0
2013-07-18,3483900.0
2009-06-05,2116970.0
2016-05-24,4352725.0
2016-04-29,4299550.0
2012-01-18,2845960.0
2016-07-19,4785550.0
2011-11-15,2700310.0
2015-11-10,4176425.0
2011-04-11,2916470.0
2016-09-23,5079300.0
2016-02-26,4189900.0
2009-07-01,2116970.0
2010-02-02,2421270.0
2015-03-31,4271425.0
2017-05-03,5388400.0
2010-09-08,2690370.0
2010-11-10,2713170.0
2014-09-09,4299550.0
2012-06-06,2817410.0
2012-11-07,2935660.0
2015-07-27,4484600.0
2010-01-25,2321820.0
2016-07-05,4717250.0
2014-03-07,3963850.0
2013-12-09,3849650.0
2009-11-16,2219970.0
2016-11-11,5144225.0
2017-05-10,5463050.0
2009-01-28,2101370.0
2009-12-31,2214770.0
2008-12-02,2019180.0
2016-02-29,4185600.0
2015-09-04,3961375.0
2013-08-22,3499200.0
2012-02-13,2845960.0
2016-09-15,5020800.0
2010-02-09,2331920.0
2014-07-14,4249100.0
2012-10-11,3027660.0
2017-01-03,5338025.0
2015-03-16,4202775.0
2013-08-05,3499200.0
2012-10-25,2964160.0
2013-08-02,3499200.0
2009-03-30,2084470.0
2010-04-26,2494870.0
2016-02-19,4136150.0
2012-01-23,2845960.0
2016-03-23,4299550.0
2013-08-28,3458750.0
2010-11-15,2713170.0
2011-07-08,3205710.0
2013-07-03,3459750.0
2010-03-17,2494870.0
2009-04-02,2089670.0
2009-05-19,2116970.0
2011-05-27,2960070.0
2016-06-16,4434250.0
2014-09-03,4356100.0
2013-10-07,3490450.0
2009-06-08,2116970.0
2014-07-07,4249100.0
2011-09-30,2626710.0
2015-10-27,4174775.0
2016-07-22,4915050.0
2013-07-17,3489000.0
2015-08-12,4551000.0
2017-01-04,5338025.0
2010-08-24,2646220.0
2016-02-04,4077950.0
2009-10-29,2219970.0
2010-04-06,2494870.0
2014-04-03,4007800.0
2016-04-28,4299550.0
2011-01-31,2839370.0
2010-07-30,2645370.0
2011-04-29,2928770.0
2015-12-15,4352625.0
2015-05-06,4310625.0
2015-08-28,4086025.0
2014-08-04,4189100.0
2013-11-25,3849650.0
2017-03-10,5435150.0
2017-05-24,5569725.0
2011-02-17,2867620.0
2016-08-24,5012100.0
2014-10-17,3972450.0
2008-11-05,2235910.0
2009-06-16,2116970.0
2012-10-16,3029910.0
2015-05-27,4310625.0
2013-05-03,3293750.0
2010-06-25,2471970.0
2013-02-04,3081110.0
2016-01-20,4105400.0
2010-12-09,2763670.0
2011-04-08,2898520.0
2016-02-17,4094650.0
2016-08-09,4994850.0
2009-01-05,2125240.0
2011-08-29,2827010.0
2009-02-12,2100620.0
2016-08-29,5012100.0
2011-05-03,2928770.0
2015-10-21,4171475.0
2011-04-15,2928770.0
2009-02-26,2102670.0
2013-01-22,3126660.0
2009-04-27,2116970.0
2012-08-27,3020060.0
2017-04-06,5405575.0
2011-01-26,2853970.0
2010-09-29,2713170.0
2011-05-12,2937170.0
2016-08-26,5012100.0
2013-02-21,3083850.0
2014-02-11,3921300.0
2012-12-04,3093260.0
2009-09-08,2167770.0
2015-12-28,4387175.0
2015-12-30,4367725.0
2011-11-02,2704110.0
2015-03-11,4149575.0
2010-10-14,2713170.0
2009-10-02,2219970.0
2011-01-27,2856170.0
2009-04-23,2116970.0
2013-10-29,3756600.0
2013-10-17,3680850.0
2014-07-18,4224600.0
2010-09-22,2713170.0
2010-04-05,2494870.0
2011-10-12,2740110.0
2008-11-25,2030220.0
2010-07-15,2612120.0
2011-02-09,2853720.0
2014-10-14,3998100.0
2013-04-12,3285250.0
2016-05-05,4299550.0
2008-11-12,2130950.0
2011-07-13,3149160.0
2015-10-01,4105825.0
2009-05-05,2116970.0
2015-10-05,4144725.0
2011-05-02,2928770.0
2016-08-31,5012100.0
2011-09-07,2787960.0
2014-10-24,4043950.0
2014-12-19,4143950.0
2014-12-30,4174700.0
2009-09-10,2207370.0
2013-03-13,3200250.0
2013-05-30,3371800.0
2012-12-31,3032810.0
2013-06-06,3365800.0
2014-03-18,3961500.0
2014-06-12,4214100.0
2008-12-26,2123980.0
2015-11-02,4176425.0
2009-12-28,2219970.0
2009-04-24,2116970.0
2013-06-24,3257100.0
2015-04-28,4310625.0
2010-07-14,2595920.0
2015-06-01,4310625.0
2011-04-21,2928770.0
2009-11-06,2219970.0
2014-08-20,4319550.0
2009-12-30,2209970.0
2011-09-28,2651210.0
2013-12-24,3904750.0
2016-08-11,5005200.0
2012-06-26,2937160.0
2014-09-02,4343900.0
2013-01-16,3111260.0
2011-03-22,2807870.0
2015-07-23,4512225.0
2012-01-31,2845960.0
2015-03-06,4151325.0
2010-02-04,2319570.0
2013-10-30,3762950.0
2016-12-16,5338025.0
2012-11-13,3015510.0
2016-10-14,5041050.0
2011-02-16,2850620.0
2011-11-28,2687010.0
2016-02-12,4016550.0
2013-03-22,3216000.0
2014-07-16,4240350.0
2014-03-26,3921850.0
2011-03-29,2856370.0
2016-01-07,4167400.0
2012-05-16,2814810.0
2016-08-01,4953450.0
2012-03-01,2845960.0
2010-09-23,2713170.0
2015-07-15,4426450.0
2011-12-19,2799660.0
2012-07-12,2936960.0
2009-09-22,2219970.0
2017-03-03,5429750.0
2014-11-10,4175650.0
2013-06-12,3330200.0
2012-07-17,2973360.0
2014-07-01,4257850.0
2014-06-18,4231600.0
2011-07-12,3161160.0
2010-03-11,2494870.0
2010-02-24,2441620.0
2010-10-04,2713170.0
2009-05-04,2116970.0
2012-07-27,2985410.0
2011-11-11,2701460.0
2011-04-14,2928770.0
2016-03-02,4232050.0
2013-04-29,3282150.0
2013-05-16,3347800.0
2011-03-02,2836370.0
2008-12-29,2120920.0
2013-05-13,3332400.0
2012-05-11,2859660.0
2010-08-27,2655420.0
2017-03-09,5423050.0
2017-01-19,5338025.0
2011-05-20,2929570.0
2016-03-14,4277925.0
2011-08-15,2873010.0
2012-08-08,3020060.0
2016-09-19,5045550.0
2012-11-01,2996110.0
2014-02-07,3913250.0
2011-01-28,2847570.0
2014-01-21,3997650.0
2013-06-28,3410800.0
2008-12-30,2125540.0
2016-12-27,5338025.0
2010-12-27,2764870.0
2017-02-15,5338025.0
2016-12-30,5338025.0
2011-10-18,2750560.0
2009-03-19,2084470.0
2015-12-04,4268450.0
2013-10-11,3590600.0
2009-08-25,2166020.0
2010-10-20,2713170.0
2008-12-09,2047600.0
2010-04-19,2494870.0
2010-12-14,2763670.0
2014-04-15,3936200.0
2015-03-27,4266375.0
2014-02-13,3960200.0
2017-02-07,5338025.0
2014-12-10,4143700.0
2008-12-05,1999580.0
2011-06-10,2953120.0
2011-08-09,2913760.0
2009-06-19,2116970.0
2014-01-29,3920700.0
2010-08-02,2660070.0
2015-04-20,4310625.0
2012-11-02,2980510.0
2010-08-12,2637120.0
2014-02-18,3976450.0
2015-09-16,4147975.0
2012-02-08,2845960.0
2016-11-28,5293175.0
2015-03-10,4141725.0
2011-08-22,2726360.0
2016-06-28,4641300.0
2016-08-30,5012100.0
2013-01-09,3101910.0
2014-02-20,3962000.0
2013-12-16,3849650.0
2016-11-15,5180375.0
2010-06-17,2529570.0
2011-10-11,2706410.0
2012-05-17,2708110.0
2009-02-25,2096170.0
2013-03-06,3090850.0
2011-11-29,2697410.0
2012-05-04,2845960.0
2017-04-18,5261500.0
2011-08-05,2903710.0
2009-12-24,2219970.0
2012-12-19,3048610.0
2012-07-05,2945360.0
2016-07-12,4785550.0
2016-11-14,5160875.0
2010-07-20,2641620.0
2009-08-27,2161320.0
2014-01-08,3918050.0
2014-05-27,4159500.0
2011-09-14,2731560.0
2014-01-28,3997850.0
2009-08-12,2164420.0
2013-07-11,3486450.0
2013-05-06,3294950.0
2011-02-28,2865820.0
2011-04-25,2928770.0
2012-03-16,2845960.0
2017-02-08,5338025.0
2017-02-14,5338025.0
2016-02-11,3973150.0
2012-05-14,2829810.0
2009-06-18,2116970.0
2011-08-19,2752710.0
2015-09-09,4006675.0
2013-04-24,3303100.0
2015-07-24,4499725.0
2013-03-14,3206800.0
2017-03-17,5441300.0
2009-02-17,2090620.0
2011-12-28,2833360.0
2014-08-18,4331950.0
2012-08-10,3020060.0
2015-11-09,4176425.0
2011-12-06,2756710.0
2011-06-02,2968920.0
2013-08-12,3499200.0
2009-03-20,2071470.0
2009-07-30,2118670.0
2012-03-26,2845960.0
2014-05-30,4166550.0
2012-05-24,2770910.0
2013-08-07,3499200.0
2016-06-06,4358200.0
2012-04-09,2845960.0
2009-11-12,2219970.0
2009-03-06,2101370.0
2012-02-23,2845960.0
2015-07-07,4350725.0
2009-06-12,2116970.0
2013-10-15,3507050.0
2009-01-02,2131960.0
2009-12-01,2219970.0
2014-07-03,4249100.0
2014-07-08,4249100.0
2016-12-13,5338025.0
2016-08-16,5012100.0
2009-07-24,2146070.0
2015-11-04,4176425.0
2011-10-17,2725960.0
2011-06-03,2967870.0
2014-10-13,3946600.0
2011-05-16,2937170.0
2013-10-25,3742500.0
2011-03-21,2802370.0
2010-06-30,2464970.0
2013-02-01,3127310.0
2011-05-17,2937170.0
2016-08-05,4987950.0
2016-08-17,5012100.0
2009-09-11,2201970.0
2009-11-13,2219970.0
2009-04-15,2116970.0
2013-05-02,3292550.0
2012-08-13,3020060.0
2011-08-18,2776810.0
2013-12-17,3870700.0
2012-08-21,3020060.0
2009-02-02,2100620.0
2016-02-05,4067000.0
2014-07-23,4235500.0
2015-04-15,4310625.0
2015-07-20,4508775.0
2010-09-16,2713170.0
2011-04-05,2883220.0
2013-01-18,3107060.0
2014-12-17,4138000.0
2009-05-13,2116970.0
2014-04-29,4037650.0
2009-07-22,2141220.0
2013-11-14,3828250.0
2011-04-06,2890070.0
2015-11-27,4268450.0
2009-07-13,2129820.0
2009-07-20,2148820.0
2012-11-14,2995660.0
2016-12-02,5272025.0
2014-03-13,3912600.0
2012-09-05,3020060.0
2016-10-13,5041050.0
2016-10-21,5111775.0
2015-04-22,4310625.0
2014-05-05,4048550.0
2013-08-29,3476050.0
2015-06-03,4310625.0
2016-12-15,5338025.0
2010-05-13,2579070.0
2012-06-27,2925760.0
2016-07-08,4778800.0
2011-08-24,2780510.0
2017-02-28,5388450.0
2013-09-27,3627950.0
2015-07-30,4561450.0
2015-07-16,4501875.0
2010-04-27,2494870.0
2015-02-18,4131525.0
2013-10-02,3605500.0
2010-12-31,2796870.0
2016-09-28,5075925.0
2013-11-27,3849650.0
2012-09-14,3020060.0
2014-06-04,4196650.0
2010-09-27,2713170.0
2014-05-12,4107200.0
2017-04-07,5388475.0
2016-02-16,4073550.0
2012-01-12,2845960.0
2011-08-01,3144810.0
2016-05-20,4355250.0
2012-05-01,2845960.0
2016-04-21,4299550.0
2010-03-09,2494870.0
2016-10-03,5061300.0
2014-06-09,4205350.0
2011-01-06,2786270.0
2015-07-02,4305175.0
2011-07-06,3204310.0
2009-09-04,2146770.0
2014-11-04,4110250.0
2015-04-29,4310625.0
2009-10-22,2219970.0
2017-04-11,5285725.0
2011-03-09,2844870.0
2011-09-09,2726060.0
2013-01-31,3091160.0
2015-09-17,4105875.0
2016-03-01,4232050.0
2011-11-22,2686960.0
2014-11-12,4181900.0
2012-06-21,2920060.0
2014-10-20,4024950.0
2009-09-30,2219970.0
2015-09-08,4031175.0
2011-10-21,2732310.0
2010-08-23,2647370.0
2014-09-23,4304800.0
2009-12-10,2219970.0
2016-12-08,5338025.0
2013-10-23,3712500.0
2014-10-07,4265100.0
2013-02-13,3122250.0
2016-12-28,5338025.0
2013-06-13,3348250.0
2013-04-02,3238250.0
2011-08-02,3097710.0
2011-05-25,2948420.0
2011-05-23,2933270.0
2013-05-08,3281100.0
2013-02-15,3120700.0
2012-02-01,2845960.0
2014-01-14,3964500.0
2014-04-17,3997400.0
2016-04-22,4299550.0
2012-12-13,3072310.0
2016-06-23,4706775.0
2012-04-26,2845960.0
2011-05-11,2937170.0
2012-02-21,2845960.0
2012-03-15,2845960.0
2009-07-02,2116970.0
2015-02-26,4227675.0
2010-11-05,2713170.0
2016-01-22,4077250.0
2011-11-08,2744660.0
2015-07-01,4375675.0
2017-05-08,5465950.0
2016-06-10,4335300.0
2017-05-23,5547325.0
2011-05-13,2937170.0
2017-03-27,5428750.0
2016-02-08,4021950.0
2009-08-24,2163670.0
2010-07-12,2598370.0
2012-02-14,2845960.0
2009-03-03,2087070.0
2014-01-15,3984550.0
2014-03-05,3994300.0
2014-04-11,3926400.0
2011-06-13,2946020.0
2016-05-27,4352725.0
2009-06-29,2116970.0
2013-07-15,3483900.0
2016-12-20,5338025.0
2009-06-03,2116970.0
2016-12-05,5338025.0
2015-09-24,4091675.0
2013-10-01,3640850.0
2016-07-21,4916950.0
2016-08-25,5012100.0
2011-11-17,2645510.0
2010-11-29,2709170.0
2013-12-20,3911500.0
2011-03-18,2779570.0
2011-12-30,2827060.0
2014-12-08,4202050.0
2012-09-12,3020060.0
2013-06-27,3397300.0
2011-12-20,2829160.0
2015-07-14,4414575.0
2017-02-27,5405100.0
2016-09-20,5041050.0
2014-10-30,4084950.0
2012-10-24,2945560.0
2009-10-26,2219970.0
2013-12-04,3849650.0
2015-02-06,4061650.0
2009-03-13,2098770.0
2009-02-05,2113120.0
2012-02-07,2845960.0
2014-01-09,3924800.0
2010-06-01,2470920.0
2010-08-18,2663220.0
2014-10-10,4126450.0
2015-06-24,4310625.0
2010-11-17,2713170.0
2016-01-28,4079700.0
2013-09-16,3599950.0
2013-04-15,3242950.0
2014-02-03,3775850.0
2009-10-12,2219970.0
2014-06-10,4214100.0
2016-12-12,5338025.0
2013-07-24,3499200.0
2013-10-03,3565350.0
2011-01-11,2803670.0
2010-12-20,2763670.0
2010-12-17,2763670.0
2012-12-06,3066860.0
2011-11-03,2724910.0
2013-01-11,3104260.0
2010-10-25,2713170.0
2009-10-20,2219970.0
2014-04-21,4011150.0
2012-10-17,3035910.0
2009-08-19,2153520.0
2014-06-25,4257850.0
2012-06-11,2817860.0
2015-08-06,4547950.0
2011-08-04,2918560.0
2016-02-03,4076700.0
2011-08-26,2819360.0
2010-02-12,2361320.0
2009-03-11,2098770.0
2014-01-24,3978050.0
2015-01-05,4083675.0
2009-07-08,2116970.0
2013-08-13,3499200.0
2014-08-11,4227950.0
2017-01-26,5338025.0
2010-01-27,2345120.0
2013-03-19,3200300.0
2010-04-20,2494870.0
2012-11-05,2975260.0
2008-11-24,2014160.0
2009-05-06,2116970.0
2008-12-08,2028460.0
2010-06-04,2423920.0
2017-03-13,5459600.0
2009-11-10,2219970.0
2012-01-05,2845960.0
2013-01-10,3108960.0
2009-07-17,2148820.0
2010-09-28,2713170.0
2009-01-16,2100240.0
2015-01-30,4028800.0
2012-10-03,3032710.0
2009-08-11,2170220.0
2010-03-15,2494870.0
2015-11-03,4176425.0
2015-05-22,4310625.0
2012-10-26,2966860.0
2013-06-04,3367450.0
2016-07-25,4922650.0
